,Algorithm Name,Cold Start Miss avg,Cold Start Miss sd,Conflict Miss avg,Conflict Miss sd,Hit/Miss Ratio avg,Hit/Miss Ratio sd,Indices Coverage avg,Indices Coverage sd,Address Variety avg,Address Variety sd,Valid per Used avg,Valid per Used sd,LRU flips avg,LRU flips sd
0,boost2_SA,2.6386666666666665,0.6295785375780172,2.3446666666666665,0.7682870984204332,0.3770833333333333,0.09580637920872986,0.20366666666666666,0.07693938307525534,0.5723333333333334,0.10177488708246904,1.7141111111111114,0.26309902701447085,6.042666666666666,0.9606220651520174
