,Algorithm Name,Cold Start Miss avg,Cold Start Miss sd,Conflict Miss avg,Conflict Miss sd,Hit/Miss Ratio avg,Hit/Miss Ratio sd,Indices Coverage avg,Indices Coverage sd,Address Variety avg,Address Variety sd,Valid per Used avg,Valid per Used sd,LRU flips avg,LRU flips sd
0,boost2_SA,2.7226666666666666,0.6537362895794432,2.0473333333333334,0.7184035249347319,0.40375,0.10115504137179696,0.21391666666666667,0.07960926335607531,0.5615,0.1045627670261525,1.6828888888888887,0.26339263952092756,5.786,1.028060604116877
