,Algorithm Name,Cold Start Miss avg,Cold Start Miss sd,Conflict Miss avg,Conflict Miss sd,Hit/Miss Ratio avg,Hit/Miss Ratio sd,Indices Coverage avg,Indices Coverage sd,Address Variety avg,Address Variety sd,Valid per Used avg,Valid per Used sd,LRU flips avg,LRU flips sd
0,boost2_SA,2.796,0.6841267082214629,2.162,0.7537471436127212,0.38025,0.09491940772382516,0.2215,0.08218730539918671,0.5783333333333334,0.10275421081777011,1.6677222222222223,0.26344190069281764,5.934666666666667,0.9995320230315782
