,Algorithm Name,Cold Start Miss avg,Cold Start Miss sd,Conflict Miss avg,Conflict Miss sd,Hit/Miss Ratio avg,Hit/Miss Ratio sd,Indices Coverage avg,Indices Coverage sd,Address Variety avg,Address Variety sd
0,rand,6.202627906976744,2.7215817279501113,2.4436821705426355,2.380779819937097,0.03558488372093023,0.08048706058704204,0.5002011264534884,0.29272894695772655,0.9493786821705427,0.10599224217366475
1,hitNmiss,4.355410852713178,1.8319652668450639,1.1161007751937984,1.4159122391490324,0.3847319306016981,0.13231362549869138,0.38532279554263565,0.2776167896187553,0.6092996954595792,0.13315252092075436
2,boost,3.751658914728682,1.547662754593334,0.7666589147286822,1.0701747494273803,0.4902281469176818,0.1124048035089656,0.34220548691860464,0.2640518543664233,0.5066220376522702,0.11284011237711926
3,bound,4.985992248062016,1.8407511871519744,3.325031007751938,2.3895841242213387,0.06814018087855298,0.10181680951164053,0.42744943071705427,0.2778161689014873,0.8996704872646735,0.13181107779695986
