,Algorithm Name,Cold Start Miss avg,Cold Start Miss sd,Conflict Miss avg,Conflict Miss sd,Hit/Miss Ratio avg,Hit/Miss Ratio sd,Indices Coverage avg,Indices Coverage sd,Address Variety avg,Address Variety sd
0,boost2,2.0966666666666667,0.7208804810791379,2.6906666666666665,0.8046186444506205,0.40158333333333335,0.09967630928817085,0.26208333333333333,0.09011006013489224,0.5605,0.11112147401826523
