,Algorithm Name,Cold Start Miss avg,Cold Start Miss sd,Conflict Miss avg,Conflict Miss sd,Hit/Miss Ratio avg,Hit/Miss Ratio sd,Indices Coverage avg,Indices Coverage sd,Address Variety avg,Address Variety sd,Valid per Used avg,Valid per Used sd,LRU flips avg,LRU flips sd
0,boost2_SA,2.67,0.6763171864032558,3.3553333333333333,0.9481583333172339,0.4978888888888888,0.08377792602462608,0.20633333333333334,0.08096867402276156,0.42983333333333335,0.08873305242101272,1.7147222222222223,0.26616606591529457,8.118666666666666,1.402579662156373
