,Algorithm Name,Cold Start Miss avg,Cold Start Miss sd,Conflict Miss avg,Conflict Miss sd,Hit/Miss Ratio avg,Hit/Miss Ratio sd,Indices Coverage avg,Indices Coverage sd,Address Variety avg,Address Variety sd
0,bound2,4.248,0.9027953032515447,2.9093333333333335,1.1239610378027143,0.10533333333333333,0.11094560908092961,0.531,0.11284941290644308,0.8593333333333333,0.11899507878369893
